               epoch,      train/box_loss,      train/obj_loss,      train/cls_loss,   metrics/precision,      metrics/recall,     metrics/mAP_0.5,metrics/mAP_0.5:0.95,        val/box_loss,        val/obj_loss,        val/cls_loss,               x/lr0,               x/lr1,               x/lr2
                   0,             0.11488,            0.049064,            0.047607,           0.0051537,             0.19711,           0.0037163,           0.0010483,             0.10979,            0.040894,            0.046228,              0.0946,              0.0006,              0.0006
                   1,             0.10657,            0.047799,            0.045928,           0.0059554,             0.22252,           0.0056439,            0.001736,            0.098885,            0.045921,             0.04353,            0.088294,           0.0012936,           0.0012936
                   2,            0.096299,            0.053499,            0.042793,           0.0070765,             0.25762,            0.011815,           0.0038195,            0.096039,            0.048264,            0.040918,             0.08198,           0.0019802,           0.0019802
                   3,            0.086676,            0.059503,            0.039652,            0.048429,            0.041783,            0.021374,           0.0076213,            0.086999,            0.052254,            0.038818,             0.07566,           0.0026599,           0.0026599
                   4,            0.079506,            0.063207,            0.037384,            0.049284,            0.051028,            0.022929,           0.0088458,            0.083975,             0.05542,            0.037238,            0.069333,           0.0033327,           0.0033327
                   5,            0.072886,            0.061624,            0.036184,             0.27392,            0.035456,            0.046809,            0.020645,            0.084472,             0.05806,            0.035828,            0.062999,           0.0039985,           0.0039985
                   6,            0.069583,            0.064776,            0.034299,             0.80749,            0.026808,            0.038063,            0.015552,            0.080399,            0.062302,            0.035468,            0.056657,           0.0046574,           0.0046574
                   7,            0.068002,            0.063088,            0.032831,             0.81966,            0.028678,            0.029024,            0.012454,             0.08161,            0.063766,             0.03443,            0.050309,           0.0053094,           0.0053094
                   8,            0.066454,            0.062217,            0.032615,             0.56138,            0.034913,            0.030142,            0.011899,            0.074093,            0.062119,            0.033429,            0.043954,           0.0059545,           0.0059545
                   9,            0.064543,             0.05977,            0.032136,             0.55869,            0.037359,            0.027461,            0.010171,            0.078408,            0.061447,            0.033282,            0.037593,           0.0065926,           0.0065926
                  10,            0.063189,            0.056146,            0.032188,             0.55963,            0.052289,            0.039417,            0.013798,            0.074818,             0.06102,             0.03335,            0.031224,           0.0072238,           0.0072238
                  11,            0.060989,            0.057112,            0.031285,             0.30333,            0.051106,            0.036218,            0.014185,            0.071553,            0.070358,            0.032587,            0.024848,           0.0078481,           0.0078481
                  12,            0.061282,            0.056418,            0.031004,             0.32495,            0.074354,            0.034265,             0.01374,            0.069994,              0.0672,            0.032861,            0.018465,           0.0084654,           0.0084654
                  13,            0.059832,            0.055449,            0.030158,             0.29175,            0.077563,            0.030457,            0.012204,            0.073833,            0.070831,            0.033478,            0.012076,           0.0090758,           0.0090758
                  14,            0.057855,            0.053418,            0.030578,             0.30405,            0.087776,            0.038105,            0.014964,            0.069959,            0.069122,            0.032813,            0.009307,            0.009307,            0.009307
                  15,            0.057174,            0.057084,            0.028917,              0.3005,            0.056221,            0.030519,            0.010728,            0.077475,            0.069595,             0.03172,            0.009307,            0.009307,            0.009307
                  16,            0.055674,            0.054817,            0.029044,            0.055038,            0.092447,            0.037216,             0.01596,             0.06952,             0.07579,            0.036127,           0.0092575,           0.0092575,           0.0092575
                  17,            0.054922,            0.057838,            0.029475,            0.056173,             0.13033,            0.050302,            0.018826,            0.077545,            0.073181,            0.033069,            0.009208,            0.009208,            0.009208
                  18,            0.053973,             0.05422,            0.027181,              0.3047,            0.099314,            0.045672,            0.016817,            0.073514,            0.070587,            0.033936,           0.0091585,           0.0091585,           0.0091585
                  19,            0.052147,            0.057147,            0.027001,            0.065471,             0.13197,            0.059146,            0.020303,            0.062802,            0.064682,            0.035046,            0.009109,            0.009109,            0.009109
                  20,            0.052047,            0.054674,            0.027223,             0.32853,             0.10189,            0.054424,            0.021588,            0.068691,            0.062637,            0.033423,           0.0090595,           0.0090595,           0.0090595
                  21,            0.052173,             0.05306,            0.027644,            0.082665,             0.12157,            0.061982,             0.02484,            0.067659,            0.064163,            0.035156,             0.00901,             0.00901,             0.00901
                  22,            0.051115,            0.056664,            0.026847,            0.072018,             0.14631,            0.066215,              0.0266,            0.069039,             0.06337,            0.035181,           0.0089605,           0.0089605,           0.0089605
                  23,            0.049696,            0.055304,            0.025315,            0.070798,             0.10657,            0.059337,            0.020131,            0.063483,            0.065811,            0.033014,            0.008911,            0.008911,            0.008911
                  24,            0.049271,            0.057148,            0.025564,             0.10064,             0.16382,            0.067439,            0.025403,            0.076194,            0.060669,            0.038867,           0.0088615,           0.0088615,           0.0088615
                  25,             0.04959,            0.058466,            0.025536,             0.10684,              0.1559,            0.057403,            0.023616,            0.073328,            0.071808,            0.037335,            0.008812,            0.008812,            0.008812
                  26,            0.050305,            0.055245,            0.025234,             0.15199,             0.12383,            0.072484,            0.040787,            0.070503,            0.063766,            0.037012,           0.0087625,           0.0087625,           0.0087625
                  27,            0.048982,            0.055036,            0.024745,             0.11613,             0.13715,            0.067124,            0.027593,            0.066482,            0.061035,            0.033331,            0.008713,            0.008713,            0.008713
                  28,            0.048365,            0.052966,            0.023607,              0.1189,             0.12938,            0.062944,            0.027823,            0.068087,            0.062317,            0.038263,           0.0086635,           0.0086635,           0.0086635
                  29,            0.047639,            0.052829,            0.022952,             0.15589,              0.1644,            0.083956,            0.033746,            0.065509,            0.067474,            0.035925,            0.008614,            0.008614,            0.008614
                  30,            0.048356,            0.051164,            0.023008,              0.1001,             0.16499,            0.073405,            0.030335,             0.06261,            0.063492,            0.033118,           0.0085645,           0.0085645,           0.0085645
                  31,             0.04878,            0.056209,             0.02215,            0.089604,             0.12131,            0.076218,            0.032356,            0.064102,            0.065369,            0.033521,            0.008515,            0.008515,            0.008515
                  32,            0.047309,            0.052662,             0.02168,             0.25422,            0.092942,             0.09371,            0.043057,            0.064322,            0.061768,            0.034589,           0.0084655,           0.0084655,           0.0084655
                  33,            0.046104,            0.050612,            0.020985,             0.11595,             0.17512,             0.10069,            0.045928,            0.064305,            0.061172,            0.033575,            0.008416,            0.008416,            0.008416
                  34,            0.046057,            0.052402,            0.020814,             0.19043,             0.10448,            0.084063,            0.042314,            0.068491,            0.068466,            0.036987,           0.0083665,           0.0083665,           0.0083665
                  35,            0.046421,            0.049246,            0.020559,             0.12145,             0.15817,            0.089787,            0.038412,            0.068526,            0.059219,            0.037683,            0.008317,            0.008317,            0.008317
                  36,            0.045757,            0.052178,            0.019793,              0.1123,              0.1636,             0.08691,            0.038548,            0.065594,            0.061523,            0.037451,           0.0082675,           0.0082675,           0.0082675
                  37,            0.046379,            0.051592,             0.01893,            0.089813,               0.153,            0.070321,            0.029257,            0.066281,            0.062927,            0.044183,            0.008218,            0.008218,            0.008218
                  38,            0.045108,            0.053573,            0.019996,             0.11546,              0.1323,            0.084358,            0.032743,            0.065014,            0.062744,             0.03338,           0.0081685,           0.0081685,           0.0081685
                  39,            0.045388,            0.051181,            0.018884,             0.13311,             0.13809,            0.079972,            0.033349,             0.06567,            0.065674,            0.037646,            0.008119,            0.008119,            0.008119
                  40,            0.044421,             0.04919,            0.018337,             0.16169,             0.20595,            0.087376,            0.042105,            0.066409,            0.059586,            0.038708,           0.0080695,           0.0080695,           0.0080695
                  41,            0.044852,            0.047832,            0.017734,             0.18386,             0.16549,             0.10781,            0.045547,            0.064574,            0.061157,            0.038855,             0.00802,             0.00802,             0.00802
                  42,            0.044572,            0.046757,            0.016902,             0.23183,             0.11363,            0.086054,            0.038917,            0.068034,             0.06073,            0.039233,           0.0079705,           0.0079705,           0.0079705
                  43,            0.044362,            0.045999,             0.01719,               0.166,             0.14238,               0.107,             0.04718,            0.063164,            0.060913,            0.035315,            0.007921,            0.007921,            0.007921
                  44,            0.042441,             0.04844,            0.017501,             0.12633,             0.13581,            0.096794,            0.045272,            0.064503,            0.067184,            0.037048,           0.0078715,           0.0078715,           0.0078715
                  45,            0.041948,            0.048569,             0.01745,             0.16597,             0.22108,            0.099539,            0.047767,            0.063281,            0.063675,            0.036377,            0.007822,            0.007822,            0.007822
                  46,            0.043242,            0.047705,            0.016208,             0.19744,             0.22182,             0.11707,            0.048109,            0.063005,            0.063171,            0.038812,           0.0077725,           0.0077725,           0.0077725
                  47,            0.043324,             0.04822,            0.016287,             0.24854,             0.22286,             0.15021,            0.070686,            0.062154,            0.063095,            0.040601,            0.007723,            0.007723,            0.007723
                  48,            0.042812,            0.047056,            0.016703,             0.24791,             0.20922,             0.14151,            0.057882,            0.064594,            0.062653,            0.038721,           0.0076735,           0.0076735,           0.0076735
                  49,            0.042873,            0.047076,            0.015664,             0.19141,             0.15981,             0.09775,            0.039181,            0.067292,            0.068924,            0.039319,            0.007624,            0.007624,            0.007624
                  50,            0.042176,            0.047127,            0.015685,             0.17893,             0.25243,             0.11622,            0.046285,            0.064871,            0.063705,            0.036938,           0.0075745,           0.0075745,           0.0075745
                  51,            0.042031,            0.049842,            0.015814,             0.13231,             0.21366,            0.096217,            0.038683,            0.065166,            0.064117,              0.0401,            0.007525,            0.007525,            0.007525
                  52,             0.04176,            0.043287,            0.015395,              0.1827,             0.24054,             0.13135,            0.060531,            0.067197,            0.067062,            0.035767,           0.0074755,           0.0074755,           0.0074755
                  53,            0.042166,            0.046459,            0.014304,             0.22238,             0.19173,             0.12876,            0.059492,            0.063661,            0.064453,            0.037213,            0.007426,            0.007426,            0.007426
                  54,            0.043672,            0.046055,            0.015228,             0.24184,             0.15474,             0.12435,            0.063186,            0.064857,            0.070312,            0.036761,           0.0073765,           0.0073765,           0.0073765
                  55,            0.040483,            0.045238,            0.014879,             0.21034,             0.18478,             0.12115,            0.055468,            0.066463,            0.066101,             0.04176,            0.007327,            0.007327,            0.007327
                  56,            0.041729,            0.049624,            0.014181,             0.22451,             0.16103,             0.11619,            0.061087,            0.065072,            0.062271,            0.040076,           0.0072775,           0.0072775,           0.0072775
                  57,            0.041669,            0.047996,             0.01454,             0.26821,             0.12453,             0.09912,            0.055567,            0.068837,            0.066132,            0.046423,            0.007228,            0.007228,            0.007228
                  58,            0.041408,            0.045522,            0.014926,             0.16374,             0.15502,            0.084516,            0.044841,            0.070653,            0.065613,             0.04364,           0.0071785,           0.0071785,           0.0071785
                  59,            0.041443,            0.044646,            0.013885,             0.16484,              0.1843,             0.09509,            0.048047,             0.06358,            0.061966,             0.04082,            0.007129,            0.007129,            0.007129
                  60,             0.04014,            0.046108,            0.015344,             0.16096,             0.22648,             0.11344,            0.053726,            0.066234,            0.060989,            0.039557,           0.0070795,           0.0070795,           0.0070795
                  61,             0.04047,             0.04574,             0.01414,             0.19307,              0.2446,             0.13825,            0.059732,            0.065356,            0.062485,            0.039038,             0.00703,             0.00703,             0.00703
                  62,            0.039556,            0.045406,            0.013852,             0.27174,             0.21764,             0.15347,            0.073122,            0.064816,            0.063217,            0.036462,           0.0069805,           0.0069805,           0.0069805
                  63,            0.039314,             0.04443,            0.013856,             0.20626,             0.20834,             0.15326,            0.062667,            0.065684,            0.068542,            0.036096,            0.006931,            0.006931,            0.006931
                  64,            0.039775,            0.042842,             0.01359,             0.14486,             0.16363,              0.1199,            0.052079,            0.066375,            0.071106,            0.039996,           0.0068815,           0.0068815,           0.0068815
                  65,            0.041319,            0.045518,            0.013641,             0.11785,             0.14411,             0.10895,            0.047207,            0.066698,            0.071198,            0.042944,            0.006832,            0.006832,            0.006832
                  66,            0.039261,            0.044218,            0.013307,             0.35022,             0.16972,             0.14424,            0.062722,            0.068167,             0.07164,            0.040405,           0.0067825,           0.0067825,           0.0067825
                  67,            0.040718,            0.046636,            0.013104,             0.18135,             0.19746,             0.12195,            0.059611,              0.0699,            0.069656,            0.037036,            0.006733,            0.006733,            0.006733
                  68,            0.038635,            0.042923,            0.013166,             0.41619,               0.156,             0.18456,            0.073973,            0.070194,            0.067429,             0.03515,           0.0066835,           0.0066835,           0.0066835
                  69,             0.04044,            0.045502,            0.012067,             0.18455,             0.23187,             0.15335,             0.07015,            0.066983,              0.0672,            0.037598,            0.006634,            0.006634,            0.006634
                  70,            0.040711,            0.046062,            0.013416,             0.17546,             0.19409,             0.12493,            0.060349,            0.064574,            0.067291,            0.040015,           0.0065845,           0.0065845,           0.0065845
                  71,            0.039207,            0.043306,             0.01178,              0.2393,             0.18439,             0.11476,            0.053227,            0.062923,            0.070221,             0.04436,            0.006535,            0.006535,            0.006535
                  72,            0.038849,            0.043819,             0.01171,             0.16796,             0.21123,              0.1358,            0.060703,            0.062764,            0.069305,            0.038043,           0.0064855,           0.0064855,           0.0064855
                  73,            0.039348,            0.048829,            0.014524,             0.36283,             0.16467,             0.17299,            0.066371,            0.064394,            0.065903,            0.042017,            0.006436,            0.006436,            0.006436
                  74,            0.038152,             0.04198,            0.012242,             0.37746,             0.15649,             0.16843,            0.064203,            0.065359,            0.067017,            0.045398,           0.0063865,           0.0063865,           0.0063865
                  75,            0.038778,             0.04331,            0.012331,             0.18519,             0.25974,             0.15352,            0.062629,            0.066335,            0.067963,            0.042139,            0.006337,            0.006337,            0.006337
                  76,            0.037885,            0.042428,            0.012015,             0.16254,             0.17046,             0.12488,            0.054369,            0.066847,            0.069992,            0.043909,           0.0062875,           0.0062875,           0.0062875
                  77,             0.03893,            0.042453,            0.012232,             0.17909,             0.16791,             0.12134,             0.05423,            0.065815,             0.06955,            0.042615,            0.006238,            0.006238,            0.006238
                  78,             0.03825,            0.040695,            0.011612,             0.27186,             0.10309,             0.10238,            0.048132,            0.065396,            0.072021,            0.044788,           0.0061885,           0.0061885,           0.0061885
                  79,            0.039279,            0.045046,            0.012949,              0.1751,             0.18432,             0.12417,            0.053018,            0.066673,            0.069489,            0.043384,            0.006139,            0.006139,            0.006139
                  80,            0.038308,            0.043929,            0.011479,             0.24149,             0.17691,              0.1397,            0.054449,            0.067442,            0.068558,            0.041089,           0.0060895,           0.0060895,           0.0060895
                  81,            0.038225,            0.043409,            0.011761,             0.23416,              0.2895,              0.1629,             0.05845,            0.064438,            0.064743,            0.040039,             0.00604,             0.00604,             0.00604
                  82,            0.037922,            0.043466,            0.010939,             0.19498,             0.17141,                0.13,            0.056051,             0.06555,            0.067764,            0.040686,           0.0059905,           0.0059905,           0.0059905
                  83,            0.038298,            0.040903,            0.010784,             0.15491,              0.1442,             0.11234,             0.05173,            0.065791,            0.068481,            0.042896,            0.005941,            0.005941,            0.005941
                  84,            0.037261,            0.041443,            0.010955,             0.15827,             0.14664,             0.12849,            0.056607,            0.063056,            0.068771,            0.043726,           0.0058915,           0.0058915,           0.0058915
                  85,             0.03757,            0.043653,            0.012954,             0.20747,             0.25972,             0.14413,            0.057848,            0.063404,            0.071075,            0.039587,            0.005842,            0.005842,            0.005842
                  86,            0.036667,            0.043634,            0.011494,             0.29923,             0.16971,             0.16587,            0.065762,              0.0634,            0.068253,            0.041516,           0.0057925,           0.0057925,           0.0057925
                  87,            0.036492,            0.040881,            0.011549,             0.15303,             0.20105,             0.13546,            0.062033,            0.064963,            0.070541,            0.041284,            0.005743,            0.005743,            0.005743
                  88,            0.036659,            0.042521,            0.010303,             0.22664,             0.17535,             0.13124,            0.062903,            0.068394,            0.072433,            0.043518,           0.0056935,           0.0056935,           0.0056935
                  89,            0.037227,            0.042368,            0.011117,             0.14893,             0.15836,              0.1115,            0.051058,            0.066994,            0.076324,            0.047693,            0.005644,            0.005644,            0.005644
                  90,            0.035741,            0.040437,            0.010439,             0.30312,             0.10001,             0.10527,            0.051325,            0.065082,            0.078308,            0.045801,           0.0055945,           0.0055945,           0.0055945
                  91,             0.03649,            0.042433,            0.011894,             0.20593,             0.21919,             0.15519,            0.068213,             0.06594,            0.075485,            0.042322,            0.005545,            0.005545,            0.005545
                  92,             0.03538,            0.043523,            0.010811,             0.29234,             0.19628,             0.14852,            0.069181,            0.068535,            0.071808,            0.044434,           0.0054955,           0.0054955,           0.0054955
                  93,            0.037516,            0.039867,            0.010551,             0.29303,             0.18719,             0.13446,            0.065275,            0.071005,            0.076462,            0.044397,            0.005446,            0.005446,            0.005446
                  94,            0.036927,            0.041846,            0.011515,             0.31151,             0.19017,             0.17794,            0.082221,             0.06705,             0.07547,            0.045105,           0.0053965,           0.0053965,           0.0053965
                  95,            0.034987,            0.041286,            0.010027,             0.24451,             0.16243,             0.12224,             0.05309,            0.065829,            0.079391,            0.047876,            0.005347,            0.005347,            0.005347
                  96,            0.035461,            0.039516,            0.009979,             0.37642,             0.15043,             0.17199,            0.073164,             0.06222,            0.073593,            0.046753,           0.0052975,           0.0052975,           0.0052975
                  97,            0.035451,            0.038944,           0.0095278,             0.27867,             0.23034,             0.17818,            0.078049,            0.061953,            0.073914,            0.045752,            0.005248,            0.005248,            0.005248
                  98,             0.03599,            0.042174,           0.0099284,             0.23318,             0.27675,             0.14502,            0.073405,            0.063257,            0.075363,            0.044983,           0.0051985,           0.0051985,           0.0051985
                  99,            0.035315,            0.039376,            0.010182,             0.29549,             0.24773,             0.17093,            0.084862,            0.061956,            0.074768,            0.043335,            0.005149,            0.005149,            0.005149
                 100,            0.034762,            0.040295,           0.0096012,             0.28715,             0.24709,             0.20488,             0.10592,            0.062506,            0.075821,            0.042151,           0.0050995,           0.0050995,           0.0050995
                 101,            0.035602,            0.039432,           0.0097521,             0.25662,             0.24209,             0.19195,            0.078647,            0.061168,            0.074432,             0.04259,             0.00505,             0.00505,             0.00505
                 102,            0.034238,            0.038994,             0.01091,             0.32448,             0.20656,             0.19393,             0.10558,            0.063915,            0.075974,            0.044275,           0.0050005,           0.0050005,           0.0050005
                 103,            0.035563,            0.043823,             0.01076,             0.22802,             0.24914,             0.19495,            0.074856,            0.063436,            0.079422,            0.043384,            0.004951,            0.004951,            0.004951
                 104,            0.034879,            0.040016,           0.0092884,             0.34774,             0.24597,              0.2157,            0.092017,            0.067021,            0.078232,            0.045117,           0.0049015,           0.0049015,           0.0049015
                 105,            0.034064,            0.041231,            0.010352,             0.26934,              0.2649,             0.21045,            0.095933,            0.061621,            0.072388,            0.045581,            0.004852,            0.004852,            0.004852
                 106,            0.035153,             0.03987,            0.009714,               0.268,             0.28416,             0.20091,            0.092974,            0.066427,            0.075516,            0.045203,           0.0048025,           0.0048025,           0.0048025
                 107,            0.033862,            0.039911,            0.010687,             0.40126,             0.20732,             0.19732,            0.090069,            0.066409,            0.075424,            0.047778,            0.004753,            0.004753,            0.004753
                 108,            0.036006,            0.041499,             0.01104,             0.37888,             0.22062,             0.21489,            0.090181,            0.069575,            0.081467,            0.049353,           0.0047035,           0.0047035,           0.0047035
                 109,            0.035475,              0.0379,           0.0095908,             0.34996,             0.23987,             0.21098,            0.097299,            0.068106,            0.075104,            0.047668,            0.004654,            0.004654,            0.004654
                 110,            0.033855,            0.039898,           0.0090955,             0.37686,             0.23272,             0.22714,             0.10055,            0.065743,            0.073578,            0.046094,           0.0046045,           0.0046045,           0.0046045
                 111,            0.034161,            0.041625,           0.0097552,             0.28526,             0.22385,             0.19283,            0.091344,            0.064254,            0.072937,            0.043384,            0.004555,            0.004555,            0.004555
                 112,            0.034871,            0.041286,            0.010167,             0.35284,             0.16392,             0.17097,            0.091874,            0.067484,            0.074402,            0.043347,           0.0045055,           0.0045055,           0.0045055
                 113,            0.033099,            0.037408,           0.0088893,             0.32268,             0.19035,             0.18878,             0.10273,            0.063982,            0.071274,            0.041882,            0.004456,            0.004456,            0.004456
                 114,            0.033126,            0.039127,           0.0094189,             0.36545,             0.18024,             0.18102,            0.094182,            0.066127,            0.074402,            0.042725,           0.0044065,           0.0044065,           0.0044065
                 115,             0.03479,            0.039453,           0.0091764,             0.27501,             0.19349,             0.17335,            0.092785,            0.068866,             0.07019,            0.043323,            0.004357,            0.004357,            0.004357
                 116,            0.036035,            0.042239,            0.010406,             0.30215,             0.18208,             0.15751,            0.074483,            0.066835,            0.075394,            0.042285,           0.0043075,           0.0043075,           0.0043075
                 117,            0.033827,            0.038858,            0.010566,              0.3336,             0.19308,             0.15257,            0.073999,            0.063062,            0.076187,            0.043298,            0.004258,            0.004258,            0.004258
                 118,            0.033527,            0.037058,           0.0098125,             0.32043,             0.19191,             0.14953,             0.07026,            0.064545,            0.077667,            0.043518,           0.0042085,           0.0042085,           0.0042085
                 119,            0.033312,            0.040301,           0.0091728,             0.32587,             0.18273,             0.16193,            0.081847,            0.064317,            0.078598,            0.042236,            0.004159,            0.004159,            0.004159
                 120,            0.033747,            0.038981,           0.0084739,             0.33965,              0.1733,             0.19067,             0.10592,            0.064353,            0.076462,             0.04209,           0.0041095,           0.0041095,           0.0041095
                 121,            0.033625,            0.039708,           0.0087421,              0.2443,             0.24445,             0.21605,             0.10151,            0.062865,            0.073486,            0.045996,             0.00406,             0.00406,             0.00406
                 122,            0.033659,            0.037461,            0.008575,             0.44206,             0.19349,               0.226,              0.1053,            0.062235,            0.073578,            0.046118,           0.0040105,           0.0040105,           0.0040105
                 123,            0.033373,            0.039267,           0.0098164,             0.26915,             0.22681,             0.19285,             0.09503,            0.062465,            0.075378,            0.045471,            0.003961,            0.003961,            0.003961
                 124,            0.033608,            0.037201,            0.010359,             0.29067,             0.26312,             0.21171,            0.097999,            0.062253,            0.077835,            0.049475,           0.0039115,           0.0039115,           0.0039115
                 125,            0.032902,            0.037733,           0.0095657,             0.34989,             0.24111,             0.21475,            0.090816,            0.064112,             0.07843,            0.049609,            0.003862,            0.003862,            0.003862
                 126,            0.032623,            0.040116,            0.010268,              0.3851,             0.19131,             0.22161,             0.10012,            0.063195,            0.078522,            0.049475,           0.0038125,           0.0038125,           0.0038125
                 127,            0.031661,            0.037506,           0.0086101,             0.32745,             0.23709,             0.19483,            0.093372,            0.062875,            0.075165,            0.046948,            0.003763,            0.003763,            0.003763
                 128,            0.033034,            0.037233,           0.0092588,              0.2832,             0.18325,             0.16696,            0.086943,            0.061756,            0.074188,            0.047559,           0.0037135,           0.0037135,           0.0037135
                 129,             0.03213,             0.03547,           0.0087951,             0.28434,             0.17982,             0.14002,            0.068008,            0.062523,            0.077591,            0.047937,            0.003664,            0.003664,            0.003664
                 130,            0.033014,             0.03999,           0.0088953,             0.28446,             0.18181,             0.13824,            0.065104,            0.063675,            0.075806,            0.050024,           0.0036145,           0.0036145,           0.0036145
                 131,            0.034182,            0.040958,           0.0096825,             0.29681,             0.21097,               0.165,            0.076835,            0.063828,            0.076782,            0.050073,            0.003565,            0.003565,            0.003565
                 132,             0.03159,             0.03662,           0.0079202,             0.27097,             0.21938,             0.18524,            0.087754,            0.065373,              0.0802,            0.051709,           0.0035155,           0.0035155,           0.0035155
                 133,            0.033169,            0.039459,           0.0097758,             0.27109,             0.23019,             0.19614,            0.080645,            0.065414,            0.080002,            0.050208,            0.003466,            0.003466,            0.003466
                 134,            0.032243,            0.034962,           0.0079756,             0.28018,             0.22049,             0.18077,            0.079854,            0.065696,            0.083084,            0.050183,           0.0034165,           0.0034165,           0.0034165
                 135,            0.032826,            0.039299,            0.010354,             0.36072,             0.17377,              0.1735,            0.074086,             0.06622,            0.080994,              0.0495,            0.003367,            0.003367,            0.003367
                 136,             0.03303,            0.038993,           0.0097467,             0.27695,             0.22016,             0.19961,            0.091549,            0.063956,            0.079269,             0.04613,           0.0033175,           0.0033175,           0.0033175
                 137,             0.03275,            0.039207,            0.010498,             0.28945,             0.21872,              0.1953,            0.086113,            0.064506,            0.079712,            0.046472,            0.003268,            0.003268,            0.003268
                 138,            0.031602,            0.037379,           0.0078375,             0.29637,             0.18364,             0.17358,             0.09361,            0.066296,            0.077698,            0.048083,           0.0032185,           0.0032185,           0.0032185
                 139,            0.031441,            0.037435,           0.0088763,             0.31061,             0.17214,             0.15083,             0.07105,            0.066568,            0.079056,            0.047437,            0.003169,            0.003169,            0.003169
                 140,            0.031179,            0.035923,           0.0084764,             0.35152,             0.16554,             0.14454,            0.064238,            0.066824,            0.084412,            0.045972,           0.0031195,           0.0031195,           0.0031195
                 141,             0.03148,            0.036392,           0.0086498,             0.32583,             0.18132,             0.16718,            0.080147,            0.064278,            0.082916,            0.047546,             0.00307,             0.00307,             0.00307
                 142,            0.031947,            0.037774,           0.0082961,             0.26307,             0.23149,             0.18482,            0.083626,            0.063663,            0.079498,            0.050757,           0.0030205,           0.0030205,           0.0030205
                 143,            0.030743,            0.037432,            0.008705,              0.2563,             0.20106,             0.18593,            0.088853,            0.065341,             0.07959,            0.051599,            0.002971,            0.002971,            0.002971
                 144,            0.032064,            0.037425,           0.0086385,             0.37219,             0.21493,             0.19554,             0.09505,            0.066645,            0.080429,            0.050305,           0.0029215,           0.0029215,           0.0029215
                 145,            0.031121,            0.036195,           0.0093549,              0.3163,             0.18275,             0.17576,            0.085445,            0.063943,            0.079422,            0.050635,            0.002872,            0.002872,            0.002872
                 146,            0.030481,            0.039299,           0.0082466,             0.37038,              0.1727,             0.16626,            0.080521,            0.063724,            0.079391,            0.051172,           0.0028225,           0.0028225,           0.0028225
                 147,            0.031251,            0.035034,           0.0083465,             0.33959,             0.18011,             0.16565,            0.070872,            0.063424,             0.08075,            0.049512,            0.002773,            0.002773,            0.002773
                 148,            0.032039,            0.038713,           0.0081479,             0.33702,             0.17757,             0.17675,            0.080075,            0.062335,            0.079132,            0.050854,           0.0027235,           0.0027235,           0.0027235
                 149,            0.031164,            0.036052,           0.0083312,             0.25748,             0.20117,             0.16462,            0.073609,            0.062502,            0.076431,            0.051648,            0.002674,            0.002674,            0.002674
                 150,            0.030507,            0.035028,           0.0078065,             0.23647,             0.19698,             0.16836,             0.07975,            0.062825,            0.075363,            0.052698,           0.0026245,           0.0026245,           0.0026245
                 151,              0.0317,            0.038692,            0.008913,             0.28054,             0.18491,             0.16421,            0.069998,            0.063784,            0.079056,            0.051257,            0.002575,            0.002575,            0.002575
                 152,            0.031171,            0.036961,           0.0080362,             0.23547,             0.19563,             0.18588,            0.086855,            0.063663,            0.078857,             0.05033,           0.0025255,           0.0025255,           0.0025255
                 153,            0.030173,            0.037366,           0.0088546,              0.2555,             0.18588,             0.18097,            0.085537,            0.063216,            0.080322,            0.048572,            0.002476,            0.002476,            0.002476
                 154,            0.030992,             0.03486,           0.0080187,             0.28873,             0.18536,             0.16349,            0.075822,            0.064289,            0.080048,            0.049243,           0.0024265,           0.0024265,           0.0024265
                 155,            0.030489,            0.036154,           0.0082373,             0.39009,             0.16259,             0.16826,            0.080063,             0.06368,            0.082413,            0.049316,            0.002377,            0.002377,            0.002377
                 156,            0.029998,            0.034927,           0.0077421,             0.28655,             0.22636,             0.18163,            0.086303,            0.062791,            0.080276,            0.050684,           0.0023275,           0.0023275,           0.0023275
                 157,            0.031178,            0.039545,           0.0081735,             0.30555,             0.18604,             0.17026,            0.077112,            0.063929,            0.081009,            0.049011,            0.002278,            0.002278,            0.002278
                 158,             0.02961,            0.033483,           0.0066257,             0.33108,             0.17415,             0.17615,             0.08088,            0.063647,            0.084946,            0.049304,           0.0022285,           0.0022285,           0.0022285
                 159,            0.029864,            0.035667,           0.0083036,             0.33874,             0.17577,             0.17075,            0.086624,            0.065009,            0.086838,            0.049707,            0.002179,            0.002179,            0.002179
                 160,            0.029711,             0.03455,           0.0074292,             0.33644,             0.17928,             0.17031,            0.083916,            0.065915,            0.085754,            0.048657,           0.0021295,           0.0021295,           0.0021295
                 161,            0.030753,             0.03408,           0.0083087,             0.37435,             0.20125,             0.18488,            0.091454,            0.067552,            0.083374,            0.048792,             0.00208,             0.00208,             0.00208
                 162,            0.031681,            0.036863,           0.0091791,             0.26503,             0.19222,             0.18272,            0.085945,            0.065387,            0.081009,             0.04939,           0.0020305,           0.0020305,           0.0020305
                 163,            0.029801,            0.034696,           0.0072217,             0.31363,             0.18825,             0.16962,            0.084568,            0.064555,            0.081284,            0.049255,            0.001981,            0.001981,            0.001981
                 164,            0.031204,            0.036147,           0.0081186,             0.35222,              0.1761,             0.16224,             0.07881,            0.065331,            0.079437,            0.050513,           0.0019315,           0.0019315,           0.0019315
                 165,            0.029398,            0.035958,           0.0078437,             0.33729,              0.1874,             0.16004,            0.076572,            0.065246,            0.079483,            0.049451,            0.001882,            0.001882,            0.001882
                 166,            0.029805,            0.034282,           0.0082395,             0.35442,             0.18273,             0.17524,            0.085333,            0.064693,            0.080399,            0.050928,           0.0018325,           0.0018325,           0.0018325
                 167,            0.030743,            0.034826,           0.0082696,             0.36785,             0.18136,             0.16941,            0.084769,            0.064292,            0.080048,            0.051062,            0.001783,            0.001783,            0.001783
                 168,            0.029074,             0.03434,           0.0067126,             0.31243,             0.22972,             0.18094,            0.090376,            0.063331,            0.079514,            0.051624,           0.0017335,           0.0017335,           0.0017335
                 169,            0.029572,            0.036545,           0.0094028,             0.34858,              0.1857,             0.16957,            0.080674,            0.063648,            0.080429,            0.050562,            0.001684,            0.001684,            0.001684
                 170,            0.029414,            0.035296,           0.0081566,             0.33448,             0.22436,             0.18081,             0.08642,            0.063865,            0.081421,             0.05127,           0.0016345,           0.0016345,           0.0016345
                 171,            0.029232,            0.033761,           0.0071343,             0.35413,             0.20624,              0.1801,            0.089332,            0.063517,            0.083923,            0.051294,            0.001585,            0.001585,            0.001585
                 172,            0.030047,            0.036522,           0.0093985,             0.31413,             0.21697,             0.17746,            0.083407,            0.063309,             0.08342,            0.051331,           0.0015355,           0.0015355,           0.0015355
                 173,            0.029209,            0.036076,           0.0068371,             0.28429,             0.21652,             0.17841,            0.088326,            0.064198,            0.082123,            0.050867,            0.001486,            0.001486,            0.001486
                 174,            0.029063,            0.034636,           0.0087634,             0.34183,             0.20767,             0.19263,            0.093455,            0.064876,            0.083115,            0.050684,           0.0014365,           0.0014365,           0.0014365
                 175,            0.027489,            0.032293,            0.006411,             0.36452,             0.16608,             0.17475,            0.081434,            0.064077,            0.084335,             0.05083,            0.001387,            0.001387,            0.001387
                 176,              0.0295,            0.035938,           0.0079292,             0.38195,             0.16345,             0.17132,            0.079754,             0.06338,            0.084381,             0.05177,           0.0013375,           0.0013375,           0.0013375
                 177,             0.02935,            0.034488,           0.0078203,             0.38987,             0.16178,             0.16525,            0.076564,            0.063261,            0.085159,            0.051453,            0.001288,            0.001288,            0.001288
                 178,            0.029019,            0.037269,            0.007725,             0.27844,             0.19533,             0.16499,            0.077054,            0.063414,            0.084167,            0.050916,           0.0012385,           0.0012385,           0.0012385
                 179,            0.028663,            0.035211,           0.0081494,             0.32867,             0.17266,             0.16867,            0.084961,            0.062991,            0.083786,            0.050964,            0.001189,            0.001189,            0.001189
                 180,            0.029272,            0.035403,           0.0079178,             0.33277,             0.17589,             0.16672,             0.07747,            0.063272,            0.084229,            0.050635,           0.0011395,           0.0011395,           0.0011395
                 181,             0.02834,             0.03507,           0.0079913,             0.30232,             0.18601,             0.16647,            0.077457,            0.064085,            0.086746,            0.049951,             0.00109,             0.00109,             0.00109
                 182,            0.029649,            0.036849,           0.0088181,             0.32819,             0.18621,             0.17452,            0.083481,            0.063525,            0.086884,            0.050842,           0.0010405,           0.0010405,           0.0010405
                 183,            0.028019,            0.034244,           0.0071531,             0.36046,             0.17961,             0.16917,            0.081308,            0.062967,            0.087509,            0.049622,            0.000991,            0.000991,            0.000991
                 184,            0.028809,            0.035422,           0.0084877,             0.36768,             0.17491,             0.16189,            0.075199,            0.062824,            0.087631,            0.050696,           0.0009415,           0.0009415,           0.0009415
                 185,            0.029217,            0.035912,           0.0077035,             0.33175,             0.18255,             0.16085,            0.076788,            0.062929,            0.087143,            0.051843,            0.000892,            0.000892,            0.000892
                 186,            0.028144,            0.033252,           0.0082491,             0.33297,             0.17996,             0.16068,            0.076732,            0.063133,            0.086319,            0.052368,           0.0008425,           0.0008425,           0.0008425
                 187,            0.028155,            0.033901,           0.0066197,             0.36671,             0.16968,             0.16035,             0.07552,            0.063349,            0.087219,            0.051099,            0.000793,            0.000793,            0.000793
                 188,            0.027756,            0.035848,           0.0070725,             0.36271,             0.17143,             0.16447,            0.079091,            0.063577,             0.08783,            0.050159,           0.0007435,           0.0007435,           0.0007435
                 189,            0.027867,            0.035099,           0.0066894,             0.36556,             0.21579,             0.18304,            0.091188,            0.064134,            0.086594,            0.049609,            0.000694,            0.000694,            0.000694
                 190,            0.028551,            0.034023,           0.0073261,             0.28472,             0.22387,             0.17437,            0.084632,            0.063576,            0.086487,            0.050146,           0.0006445,           0.0006445,           0.0006445
                 191,            0.029356,              0.0351,            0.008141,             0.36483,             0.17449,             0.16661,            0.082775,            0.063599,            0.087067,            0.050049,            0.000595,            0.000595,            0.000595
                 192,            0.027994,            0.032466,           0.0061099,             0.37327,             0.17378,             0.16293,            0.082533,            0.063912,            0.086914,            0.049902,           0.0005455,           0.0005455,           0.0005455
                 193,            0.027972,            0.034993,           0.0083981,             0.37613,             0.17449,             0.16632,            0.083376,            0.063894,            0.086594,            0.050098,            0.000496,            0.000496,            0.000496
                 194,            0.028085,             0.03155,           0.0069298,             0.33359,             0.18231,             0.16856,            0.082683,            0.063832,            0.086548,            0.050989,           0.0004465,           0.0004465,           0.0004465
                 195,            0.027055,            0.030427,           0.0054462,             0.32694,             0.18426,             0.16883,             0.08378,            0.063978,            0.087219,            0.051147,            0.000397,            0.000397,            0.000397
                 196,            0.028471,            0.033732,           0.0071474,             0.31262,             0.18309,             0.16763,            0.083549,            0.063982,            0.087265,            0.051489,           0.0003475,           0.0003475,           0.0003475
                 197,            0.027745,            0.032978,            0.007456,             0.32317,             0.18384,             0.16868,            0.084553,            0.064199,            0.087173,             0.05155,            0.000298,            0.000298,            0.000298
                 198,            0.026458,            0.030464,           0.0064192,             0.34286,              0.1774,             0.16608,            0.083727,            0.064275,            0.087112,            0.051318,           0.0002485,           0.0002485,           0.0002485
                 199,            0.029445,            0.035161,           0.0065808,             0.35546,             0.17803,              0.1666,            0.086772,            0.064181,            0.086945,            0.051172,            0.000199,            0.000199,            0.000199
